,id,wells,reps,depth,Land_use,Treatment,Clay,Silt,Sand,SM,pH,soil_Ca,soil_Mg,soil_K,soil_Na,soil_Cl,soil_SO4,soil_HCO3,SOC,STN,avaP,BG,CB,NAG,ALP
1,s001.rep1.d1,s001,rep1,0-10cm,Plantation,Plantation_non-adjacent,0.0018,0.1508,0.8474,0.0395,7.82,3.097,0.182,0.055,2.31,4.577,4.05,0.1,2.071747901,0.202217562,2.211527703,5.65,0.22,0.45,7.58
2,s001.rep2.d1,s001,rep2,0-10cm,Plantation,Plantation_non-adjacent,0.0018,0.1517,0.8465,0.00599,8.57,0.587,1.772,0.306,3.702,20.807,3.794,0.12,2.716576462,0.217054238,2.964620764,0.37,0.16,0.38,3.58
3,s001.rep3.d1,s001,rep3,0-10cm,Plantation,Plantation_non-adjacent,0.0011,0.0979,0.901,0.02875,8.25,2.488,0.371,0.097,2.251,4.668,4.306,0.1,2.951690444,0.146465776,2.292216245,0.98,0.17,0.68,14.56
4,s001.rep1.d2,s001,rep1,10-20cm,Plantation,Plantation_non-adjacent,3e-04,0.0369,0.9628,0.01215,7.8,2.478,0.156,0.034,1.988,2.091,4.793,0.08,1.310097508,0.155894891,1.633259817,0.45,0.12,0.35,3.43
5,s001.rep2.d2,s001,rep2,10-20cm,Plantation,Plantation_non-adjacent,9e-04,0.0888,0.9103,0.04141,7.98,2.403,0.743,0.145,2.316,7.336,5.229,0.11,1.074973002,0.171286131,1.902221625,0.84,0.15,0.43,3.66
6,s001.rep3.d2,s001,rep3,10-20cm,Plantation,Plantation_non-adjacent,3e-04,0.0239,0.9758,0.03299,7.84,1.228,0.163,0.033,1.545,1.475,3.999,0.07,1.457,0.112031565,0.920511027,0.95,0.17,0.39,9.84
7,s001.rep1.d3,s001,rep1,20-40cm,Plantation,Plantation_non-adjacent,3e-04,0.0236,0.9761,0.01837,7.96,0.436,0.123,0.031,1.177,1.601,1.766,0.06,0.754,0.081,1.946,0.65,0.14,0.42,7.05
8,s001.rep2.d3,s001,rep2,20-40cm,Plantation,Plantation_non-adjacent,5e-04,0.0714,0.928,0.02642,7.98,0.436,0.125,0.031,1.12,1.776,1.759,0.05,0.794,0.099,1.946,1.7,0.2,0.47,3.74
9,s001.rep3.d3,s001,rep3,20-40cm,Plantation,Plantation_non-adjacent,1e-04,0.0098,0.9901,0.03055,7.99,0.436,0.126,0.032,1.169,1.731,1.772,0.05,0.727,0.089,1.8,0.81,0.17,0.42,8.08
10,s001.rep1.d4,s001,rep1,40-60cm,Plantation,Plantation_non-adjacent,4e-04,0.0209,0.9787,0.03719,7.94,0.218,0.066,0.027,0.826,0.95,1.007,0.066,0.618,0.082,1.668,1.29,0.16,0.35,7.91
11,s001.rep2.d4,s001,rep2,40-60cm,Plantation,Plantation_non-adjacent,2e-04,0.0203,0.9794,0.02875,8.01,0.248,0.065,0.027,0.87,1.02,1.02,0.066,0.697,0.077,1.629,2.24,0.22,0.61,14.95
12,s001.rep3.d4,s001,rep3,40-60cm,Plantation,Plantation_non-adjacent,1e-04,0.0111,0.9887,0.03313,8.02,0.349,0.058,0.031,0.968,0.985,1.295,0.05,0.641,0.084,1.741,1.16,0.18,0.43,11.27
13,s001.rep1.d5,s001,rep1,60-80cm,Plantation,Plantation_non-adjacent,2e-04,0.0169,0.9829,0.03549,7.96,0.234,0.085,0.028,0.903,1.315,1.125,0.05,0.624,0.096,1.834,0.94,0.15,0.4,8.31
14,s001.rep2.d5,s001,rep2,60-80cm,Plantation,Plantation_non-adjacent,1e-04,0.0223,0.9776,0.02817,8,0.245,0.083,0.027,1.041,1.275,1.145,0.05,0.703,0.082,1.88,3.52,0.26,0.94,24.55
15,s001.rep3.d5,s001,rep3,60-80cm,Plantation,Plantation_non-adjacent,0,0.0081,0.9919,0.02658,8.03,0.273,0.071,0.027,1.087,1.25,1.151,0.056,0.637,0.088,1.979,1.5,0.18,0.45,18.27
16,s001.rep1.d6,s001,rep1,80-100cm,Plantation,Plantation_non-adjacent,3e-04,0.0263,0.9734,0.02231,8,0.313,0.078,0.028,1.042,1.235,1.275,0.06,0.658,0.075,1.847,1.62,0.15,0.37,6.95
17,s001.rep2.d6,s001,rep2,80-100cm,Plantation,Plantation_non-adjacent,0,0.0121,0.9878,0.03093,7.97,0.215,0.068,0.029,1.041,1.19,0.961,0.066,0.731,0.078,1.834,5.13,0.29,0.57,19.58
18,s001.rep3.d6,s001,rep3,80-100cm,Plantation,Plantation_non-adjacent,0,0.0083,0.9917,0.03049,7.94,0.218,0.066,0.027,1.119,1.175,0.981,0.066,0.691,0.09,1.933,1.24,0.16,0.43,22.54
19,s004.rep1.d1,s004,rep1,0-10cm,Plantation,Plantation_non-adjacent,0.0017,0.1151,0.8832,0.04032,8.06,2.029,0.58,0.121,2.072,4.588,4.819,0.1,1.823711261,0.165209664,2.554454008,1.74,0.21,0.48,6.38
20,s004.rep2.d1,s004,rep2,0-10cm,Plantation,Plantation_non-adjacent,0.0036,0.1642,0.8323,0.0019,8.65,0.16,0.371,0.31,1.984,5.735,3.255,0.16,2.166931434,0.211378986,3.462200108,15.9,1.24,1.11,14.12
21,s004.rep3.d1,s004,rep3,0-10cm,Plantation,Plantation_non-adjacent,0.003,0.1366,0.8604,0.00187,8.22,0.171,0.378,0.165,1.879,4.268,3.691,0.15,2.107505749,0.197447428,1.895497579,9.64,1.24,1.32,25.2
22,s004.rep1.d2,s004,rep1,10-20cm,Plantation,Plantation_non-adjacent,0.002,0.0943,0.9038,0.05495,7.47,2.286,0.235,0.048,1.618,2.121,4.87,0.07,1.584358723,0.163621259,1.75429263,1.19,0.17,0.46,12.08
23,s004.rep2.d2,s004,rep2,10-20cm,Plantation,Plantation_non-adjacent,0.0013,0.0852,0.9134,0.0255,8.03,2.136,0.319,0.13,1.845,3.254,5.332,0.1,1.886855068,0.181612289,1.639983862,9.27,0.84,0.77,21.17
24,s004.rep3.d2,s004,rep3,10-20cm,Plantation,Plantation_non-adjacent,0.0014,0.1042,0.8944,0.03488,8.43,1.442,0.241,0.075,1.663,3.696,4.691,0.07,2.162126592,0.192411763,2.278768155,1.85,0.22,0.68,20.1
25,s004.rep1.d3,s004,rep1,20-40cm,Plantation,Plantation_non-adjacent,0.0018,0.047,0.9513,0.06718,9.08,0.125,0.131,0.325,2.544,4.532,1.995,0.156,2.127,0.356,2.979,0.69,0.16,0.41,9.56
26,s004.rep2.d3,s004,rep2,20-40cm,Plantation,Plantation_non-adjacent,0.0013,0.0397,0.9591,0.04752,9.12,0.147,0.151,0.356,2.64,4.992,2.322,0.136,2.223,0.383,2.945,11.34,0.76,0.86,13.86
27,s004.rep3.d3,s004,rep3,20-40cm,Plantation,Plantation_non-adjacent,0.0018,0.0618,0.9363,0.07551,9.04,0.155,0.146,0.387,2.628,5.682,2.322,0.173,2.21,0.301,3.059,5.33,0.45,0.6,10.64
28,s004.rep1.d4,s004,rep1,40-60cm,Plantation,Plantation_non-adjacent,0.001,0.0358,0.9632,0.04513,8.95,0.196,0.121,0.196,2.551,4.001,2.027,0.106,1.41,0.21,1.879,0.6,0.14,0.42,6.38
29,s004.rep2.d4,s004,rep2,40-60cm,Plantation,Plantation_non-adjacent,0.0012,0.0271,0.9717,0.04481,8.97,0.18,0.148,0.193,2.738,3.951,2.106,0.106,1.477,0.212,1.852,2.44,0.27,0.45,8.38
30,s004.rep3.d4,s004,rep3,40-60cm,Plantation,Plantation_non-adjacent,0.001,0.0366,0.9624,0.04475,8.96,0.177,0.15,0.191,2.497,4.001,2.06,0.13,1.385,0.198,1.812,3.96,0.38,0.54,11.94
31,s004.rep1.d5,s004,rep1,60-80cm,Plantation,Plantation_non-adjacent,3e-04,0.0196,0.9801,0.03279,9.74,0.409,0.199,0.08,2.243,2.601,2.23,0.08,1.053,0.164,1.389,0.28,0.14,0.33,5.3
32,s004.rep2.d5,s004,rep2,60-80cm,Plantation,Plantation_non-adjacent,0.001,0.0244,0.9746,0.03386,8.68,0.387,0.204,0.079,2.131,2.601,2.283,0.09,1.013,0.16,1.1,3.5,0.27,0.44,8.18
33,s004.rep3.d5,s004,rep3,60-80cm,Plantation,Plantation_non-adjacent,9e-04,0.0339,0.9652,0.03918,8.61,0.431,0.211,0.081,0.873,2.801,2.354,0.073,0.877,0.173,1.121,7.39,0.47,0.64,20.7
34,s004.rep1.d6,s004,rep1,80-100cm,Plantation,Plantation_non-adjacent,0,0.0178,0.9822,0.0297,8.61,0.395,0.141,0.046,0.705,1.701,1.864,0.06,0.717,0.165,0.953,0.28,0.13,0.3,2.44
35,s004.rep2.d6,s004,rep2,80-100cm,Plantation,Plantation_non-adjacent,7e-04,0.0271,0.9721,0.02846,8.55,0.395,0.138,0.046,0.729,1.726,1.884,0.083,0.761,0.157,0.755,2.18,0.22,0.51,7.1
36,s004.rep3.d6,s004,rep3,80-100cm,Plantation,Plantation_non-adjacent,0.0021,0.0715,0.9264,0.06263,8.5,0.379,0.146,0.047,0.602,1.751,1.877,0.076,0.827,0.137,0.641,4.19,0.35,0.66,10.2
37,s007.rep1.d1,s007,rep1,0-10cm,Plantation,Plantation_non-adjacent,0.0019,0.0717,0.9265,0.00392,8.19,0.63,0.195,0.102,1.477,2.996,2.768,0.08,1.769329336,0.159071228,2.265320065,3.48,0.43,0.48,7.14
38,s007.rep2.d1,s007,rep2,0-10cm,Plantation,Plantation_non-adjacent,0.0017,0.062,0.9363,0.00343,8.05,0.865,0.84,0.182,1.626,9.657,5.126,0.11,1.568194259,0.135658056,2.406525013,4.59,0.33,0.55,6.81
39,s007.rep3.d1,s007,rep3,0-10cm,Plantation,Plantation_non-adjacent,0.0016,0.0633,0.9351,0.00522,7.97,0.587,0.391,0.097,1.467,3.468,3.768,0.1,1.157125922,0.095359784,1.767740721,2.62,0.27,0.33,7.1
40,s007.rep1.d2,s007,rep1,10-20cm,Plantation,Plantation_non-adjacent,0.0014,0.0663,0.9323,0.01923,8.24,0.256,0.397,0.216,1.473,3.851,3.409,0.1,1.687586511,0.125306827,1.989634212,2.24,0.32,0.59,13.97
41,s007.rep2.d2,s007,rep2,10-20cm,Plantation,Plantation_non-adjacent,0.0013,0.0542,0.9444,0.02299,8.26,0.117,0.091,0.121,1.146,2.076,1.282,0.11,1.432482987,0.146803282,1.821533082,1.84,0.18,0.73,23.95
42,s007.rep3.d2,s007,rep3,10-20cm,Plantation,Plantation_non-adjacent,0.0013,0.0449,0.9537,0.02539,7.73,0.951,0.176,0.063,1.226,2.476,3.409,0.07,1.058767638,0.134495226,1.619811727,1.76,0.19,0.3,4.51
43,s007.rep1.d3,s007,rep1,20-40cm,Plantation,Plantation_non-adjacent,8e-04,0.0449,0.9544,0.03074,8.24,0.218,0.499,0.112,2.091,5.127,2.812,0.08,1.392,0.254,1.282,3.44,0.41,0.68,14.23
44,s007.rep2.d3,s007,rep2,20-40cm,Plantation,Plantation_non-adjacent,0,0.0158,0.9842,0.02131,8.29,0.218,0.499,0.117,2.012,5.002,2.878,0.063,1.475,0.215,1.401,1.51,0.24,0.34,2.88
45,s007.rep3.d3,s007,rep3,20-40cm,Plantation,Plantation_non-adjacent,8e-04,0.0349,0.9643,0.02037,8.27,0.15,0.572,0.118,2.18,5.502,2.937,0.08,1.439,0.216,1.742,2.16,0.23,0.34,6.23
46,s007.rep1.d4,s007,rep1,40-60cm,Plantation,Plantation_non-adjacent,9e-04,0.0323,0.9668,0.03689,8.39,0.681,0.166,0.046,0.499,1.626,2.642,0.056,0.796,0.198,1.102,2.93,0.42,0.65,13.23
47,s007.rep2.d4,s007,rep2,40-60cm,Plantation,Plantation_non-adjacent,3e-04,0.0154,0.9843,0.01741,8.36,0.613,0.158,0.045,0.605,1.576,2.354,0.047,0.919,0.205,1.188,1.42,0.13,0.23,3.96
48,s007.rep3.d4,s007,rep3,40-60cm,Plantation,Plantation_non-adjacent,3e-04,0.0275,0.9722,0.04621,8.35,0.654,0.155,0.046,0.603,1.651,2.381,0.056,1.027,0.273,1.122,2.29,0.24,0.39,8.82
49,s007.rep1.d5,s007,rep1,60-80cm,Plantation,Plantation_non-adjacent,3e-04,0.0154,0.9842,0.03181,8.52,0.109,0.076,0.036,0.454,1.315,0.857,0.066,0.765,0.223,1.188,2.8,0.22,0.79,11.76
50,s007.rep2.d5,s007,rep2,60-80cm,Plantation,Plantation_non-adjacent,6e-04,0.0201,0.9794,0.0274,8.59,0.109,0.076,0.037,0.443,1.31,0.824,0.05,0.757,0.186,1.175,1.86,0.17,0.32,5.25
51,s007.rep3.d5,s007,rep3,60-80cm,Plantation,Plantation_non-adjacent,9e-04,0.0286,0.9705,0.0371,8.57,0.095,0.083,0.036,0.416,1.325,0.818,0.053,0.787,0.19,1.215,3.12,0.28,0.45,13.96
52,s007.rep1.d6,s007,rep1,80-100cm,Plantation,Plantation_non-adjacent,5e-04,0.0174,0.9821,0.02476,8.58,0.128,0.068,0.038,0.447,1.2,0.778,0.053,0.823,0.161,1.314,3.37,0.25,0.56,12.5
53,s007.rep2.d6,s007,rep2,80-100cm,Plantation,Plantation_non-adjacent,6e-04,0.0217,0.9777,0.03663,8.55,0.101,0.06,0.035,0.411,1.065,0.674,0.053,0.755,0.176,1.142,2.56,0.24,0.37,24.79
54,s007.rep3.d6,s007,rep3,80-100cm,Plantation,Plantation_non-adjacent,4e-04,0.0208,0.9788,0.03846,8.56,0.106,0.075,0.036,0.422,1.135,0.831,0.053,0.784,0.162,1.175,2.1,0.25,0.47,6.98
55,s010.rep1.d1,s010,rep1,0-10cm,Plantation,Plantation_adjacent,0.0013,0.0685,0.9302,0.0121,7.61,0.438,1.192,0.404,1.443,6.135,4.409,0.1,1.85482756,0.154404163,1.492054868,1.63,0.17,0.27,6.41
56,s010.rep2.d1,s010,rep2,0-10cm,Plantation,Plantation_adjacent,0.0019,0.0541,0.9226,0,8.48,0.214,0.261,0.386,1.264,3.868,3.845,0.1,1.661002441,0.110474596,1.93584185,3.44,0.26,0.4,9.91
57,s010.rep3.d1,s010,rep3,0-10cm,Plantation,Plantation_adjacent,0.0016,0.0587,0.9397,0,8.49,0.096,0.039,0.196,1.178,4.466,1.41,0.1,1.638613354,0.095483397,1.633259817,2.09,0.19,0.32,3.4
58,s010.rep1.d2,s010,rep1,10-20cm,Plantation,Plantation_adjacent,0.0012,0.0588,0.94,0.00401,7.74,0.363,0.723,0.34,1.248,4.722,2.999,0.1,1.531282705,0.122454795,1.088612157,1.71,0.15,0.28,5.57
59,s010.rep2.d2,s010,rep2,10-20cm,Plantation,Plantation_adjacent,0.0013,0.0675,0.9312,0.03742,8.49,0.117,0.189,0.247,1.066,4.702,2.307,0.08,1.529223299,0.12762771,3.368063475,2.18,0.22,0.59,13.76
60,s010.rep3.d2,s010,rep3,10-20cm,Plantation,Plantation_adjacent,0.0018,0.0611,0.9871,0.006,8.3,0.15,0.02,0.185,0.985,4.301,1.64,0.13,0.988845523,0.12625063,1.471882733,2.78,0.19,0.32,5.77
61,s010.rep1.d3,s010,rep1,20-40cm,Plantation,Plantation_adjacent,0.0011,0.0532,0.9457,0.02254,8.96,0.354,0.258,0.063,1.19,3.701,2.551,0.073,1.262,0.137,0.748,1.73,0.16,0.32,5.17
62,s010.rep2.d3,s010,rep2,20-40cm,Plantation,Plantation_adjacent,0.0011,0.0427,0.9563,0.03093,8.91,0.357,0.264,0.063,1.224,3.701,2.583,0.093,1.361,0.157,0.881,2.68,0.24,0.44,11.72
63,s010.rep3.d3,s010,rep3,20-40cm,Plantation,Plantation_adjacent,0.0011,0.0487,0.9503,0.02041,8.82,0.414,0.296,0.07,1.212,4.201,2.91,0.08,1.13,0.171,0.929,2.53,0.19,0.39,9.29
64,s010.rep1.d4,s010,rep1,40-60cm,Plantation,Plantation_adjacent,8e-04,0.0364,0.9627,0.0395,8.85,0.646,0.155,0.038,0.428,1.801,2.551,0.076,0.964,0.23,1.175,1.71,0.15,0.29,4.78
65,s010.rep2.d4,s010,rep2,40-60cm,Plantation,Plantation_adjacent,0.0012,0.0442,0.9546,0.07592,8.79,0.668,0.143,0.039,0.487,1.726,2.524,0.08,0.993,0.133,1.041,3.16,0.25,0.48,11.2
66,s010.rep3.d4,s010,rep3,40-60cm,Plantation,Plantation_adjacent,0.0011,0.0478,0.9511,0.07312,8.76,0.695,0.153,0.038,0.472,1.901,2.662,0.07,0.95,0.138,1.082,2.2,0.21,0.38,6.88
67,s010.rep1.d5,s010,rep1,60-80cm,Plantation,Plantation_adjacent,9e-04,0.0361,0.9631,0.05031,8.69,0.627,0.083,0.038,0.837,1.01,1.929,0.063,0.712,0.144,1.001,2.31,0.2,0.35,6.08
68,s010.rep2.d5,s010,rep2,60-80cm,Plantation,Plantation_adjacent,0.0013,0.0432,0.9555,0.08498,8.64,0.749,0.075,0.039,0.75,0.98,2.191,0.053,0.751,0.121,1.089,4.58,0.44,0.65,16.69
69,s010.rep3.d5,s010,rep3,60-80cm,Plantation,Plantation_adjacent,0.001,0.0381,0.9608,0.05252,8.59,0.668,0.075,0.039,0.789,1.035,1.995,0.053,0.76,0.12,1.082,3.04,0.25,0.45,9.18
70,s010.rep1.d6,s010,rep1,80-100cm,Plantation,Plantation_adjacent,1e-04,0.0103,0.9896,0.05285,8.52,0.995,0.108,0.049,0.973,1.45,2.322,0.076,0.494,0.184,1.275,1.74,0.14,0.28,2.8
71,s010.rep2.d6,s010,rep2,80-100cm,Plantation,Plantation_adjacent,1e-04,0.0103,0.9896,0.08026,8.48,1.079,0.09,0.047,0.872,1.42,2.263,0.056,0.941,0.227,1.021,1.83,0.21,0.4,9.86
72,s010.rep3.d6,s010,rep3,80-100cm,Plantation,Plantation_adjacent,4e-04,0.0191,0.9805,0.074,8.46,1.06,0.1,0.047,0.925,1.38,2.407,0.063,0.901,0.147,1.075,2.26,0.21,0.42,7.23
73,s013.rep1.d1,s013,rep1,0-10cm,Plantation,Plantation_non-adjacent,0.0019,0.1513,0.8467,0.02464,8.05,0.854,0.827,0.414,1.86,10.937,5.126,0.14,2.964185673,0.18545969,1.868601399,10.41,0.83,1.69,55.63
74,s013.rep2.d1,s013,rep2,0-10cm,Plantation,Plantation_non-adjacent,0.001,0.1296,0.8694,0.04375,7.77,0.545,1.824,0.547,1.795,18.94,4.896,0.14,2.013555909,0.135092708,1.969462076,2.63,0.3,0.49,7.97
75,s013.rep3.d1,s013,rep3,0-10cm,Plantation,Plantation_non-adjacent,0.0015,0.1248,0.8737,0.03259,8.09,0.865,0.964,0.282,1.789,12.804,5.229,0.12,2.128845055,0.138052794,1.660155998,6.09,0.4,0.39,0.39
76,s013.rep1.d2,s013,rep1,10-20cm,Plantation,Plantation_non-adjacent,0.0025,0.1596,0.838,0.0142,7.92,0.854,0.84,0.431,1.555,8.75,5.229,0.14,2.832005053,0.183822488,2.211527703,8.87,0.48,1.49,37.46
77,s013.rep2.d2,s013,rep2,10-20cm,Plantation,Plantation_non-adjacent,0.0014,0.072,0.9266,0.02249,7.9,2.136,0.528,0.203,1.626,11.204,4.947,0.1,1.337849825,0.117624847,2.077046799,1.48,0.15,0.46,2.86
78,s013.rep3.d2,s013,rep3,10-20cm,Plantation,Plantation_non-adjacent,0.0023,0.107,0.8907,0.05895,7.39,2.98,0.137,0.046,0.667,2.02,4.947,0.09,1.511066579,0.156245389,1.384470145,1.81,0.2,0.33,0.33
79,s013.rep1.d3,s013,rep1,20-40cm,Plantation,Plantation_non-adjacent,0.0011,0.0573,0.9416,0.04842,8.19,1.472,0.449,0.2,0.914,4.752,2.354,0.07,1.602,0.184,1.354,9.83,0.38,0.84,27.94
80,s013.rep2.d3,s013,rep2,20-40cm,Plantation,Plantation_non-adjacent,0.0014,0.0442,0.9543,0.04149,8.25,1.581,0.332,0.196,0.896,4.877,2.335,0.08,1.632,0.188,1.36,1.67,0.17,0.39,3.76
81,s013.rep3.d3,s013,rep3,20-40cm,Plantation,Plantation_non-adjacent,0,0.0292,0.9708,0.06197,8.26,1.444,0.399,0.196,0.889,4.627,2.505,0.09,1.371,0.209,1.268,2.2,0.17,0.47,0.47
82,s013.rep1.d4,s013,rep1,40-60cm,Plantation,Plantation_non-adjacent,4e-04,0.0327,0.9668,0.05508,8.27,1.417,0.166,0.062,0.714,1.641,2.387,0.09,0.851,0.175,1.122,8.2,0.42,0.75,15.07
83,s013.rep2.d4,s013,rep2,40-60cm,Plantation,Plantation_non-adjacent,3e-04,0.0235,0.9762,0.04603,8.22,1.417,0.158,0.064,0.719,1.736,2.354,0.073,0.801,0.153,1.215,1.8,0.17,0.35,2.88
84,s013.rep3.d4,s013,rep3,40-60cm,Plantation,Plantation_non-adjacent,0.0016,0.0358,0.9627,0.06369,8.22,1.267,0.274,0.065,0.744,1.951,2.368,0.066,0.842,0.158,1.089,4.55,0.5,0.36,0.36
85,s013.rep1.d5,s013,rep1,60-80cm,Plantation,Plantation_non-adjacent,0.0023,0.0599,0.9379,0.07559,8.29,0.64,0.133,0.058,0.729,1.656,2.211,0.083,0.852,0.144,1.188,11.01,0.63,0.92,18.01
86,s013.rep2.d5,s013,rep2,60-80cm,Plantation,Plantation_non-adjacent,0,0.0159,0.9841,0.03926,8.3,0.695,0.208,0.058,0.704,1.701,2.518,0.083,0.894,0.133,1.314,1.66,0.15,0.29,2.25
87,s013.rep3.d5,s013,rep3,60-80cm,Plantation,Plantation_non-adjacent,0.0015,0.0352,0.9634,0.08734,8.33,0.804,0.166,0.063,0.718,1.846,2.354,0.066,0.898,0.129,1.155,2.16,0.21,0.27,0.27
88,s013.rep1.d6,s013,rep1,80-100cm,Plantation,Plantation_non-adjacent,0.0015,0.0313,0.9672,0.06131,8.35,0.458,0.123,0.048,0.588,1.4,1.746,0.096,0.717,0.143,1.128,3.37,0.27,0.41,5.85
89,s013.rep2.d6,s013,rep2,80-100cm,Plantation,Plantation_non-adjacent,0.0012,0.0259,0.9729,0.03534,8.42,0.36,0.118,0.046,0.649,1.35,1.55,0.066,0.67,0.15,0.969,1.89,0.14,0.29,2.85
90,s013.rep3.d6,s013,rep3,80-100cm,Plantation,Plantation_non-adjacent,0.0012,0.0267,0.9721,0.06144,8.34,0.384,0.14,0.047,0.657,1.38,1.635,0.07,0.746,0.179,1.075,1.15,0.11,0.13,0.13
91,s016.rep1.d1,s016,rep1,0-10cm,Plantation,Plantation_non-adjacent,0.0017,0.094,0.9042,0.01198,7.86,0.726,0.541,0.276,0.738,5.811,5.152,0.1,2.017073125,0.159008729,2.003082302,4.26,0.34,0.4,0.4
92,s016.rep2.d1,s016,rep2,0-10cm,Plantation,Plantation_non-adjacent,0.0014,0.0914,0.9072,0.01603,7.46,1.89,0.208,0.127,0.743,2.257,4.973,0.08,1.257848712,0.190221268,2.043426573,9.04,0.32,0.5,18.81
93,s016.rep3.d1,s016,rep3,0-10cm,Plantation,Plantation_non-adjacent,0.0017,0.067,0.9313,0.00986,7.98,0.587,0.098,0.238,0.606,2.041,3.204,0.12,1.961207767,0.159625243,2.487213556,17.47,1.24,0.86,37.76
94,s016.rep1.d2,s016,rep1,10-20cm,Plantation,Plantation_non-adjacent,0.0011,0.0702,0.9287,0.01714,7.59,1.079,0.222,0.103,0.612,2.576,4.101,0.07,1.692695632,0.164446076,2.339284562,1.69,0.16,0.4,0.4
95,s016.rep2.d2,s016,rep2,10-20cm,Plantation,Plantation_non-adjacent,0.0026,0.0862,0.9112,0.0057,7.18,2.136,0.033,0.025,0.104,0.425,4.896,0.07,1.541460838,0.217113374,2.460317375,5.43,0.23,0.44,10.17
96,s016.rep3.d2,s016,rep3,10-20cm,Plantation,Plantation_non-adjacent,0.0019,0.0759,0.9222,0.00988,7.03,0.32,0.182,0.236,0.634,2.251,3.358,0.15,2.129097324,0.13777707,3.616853147,27.45,1.34,1.6,43.4
97,s016.rep1.d3,s016,rep1,20-40cm,Plantation,Plantation_non-adjacent,0.0016,0.059,0.9394,0.00962,8.01,1.785,0.058,0.091,0.548,0.96,3.947,0.083,1.097,0.189,2.163,0.59,0.1,0.13,0.13
98,s016.rep2.d3,s016,rep2,20-40cm,Plantation,Plantation_non-adjacent,0.0029,0.1031,0.894,0.01181,8,1.755,0.075,0.091,0.459,0.965,4.047,0.083,1.005,0.229,1.672,5.1,0.2,0.52,14.3
99,s016.rep3.d3,s016,rep3,20-40cm,Plantation,Plantation_non-adjacent,8e-04,0.0337,0.9655,0.00986,7.97,1.924,0.093,0.086,0.515,0.89,4.08,0.083,1.031,0.212,1.659,5.18,0.3,0.53,13.7
100,s016.rep1.d4,s016,rep1,40-60cm,Plantation,Plantation_non-adjacent,9e-04,0.0396,0.9595,0.01212,8,1.649,0.105,0.045,0.355,0.635,4.258,0.083,0.956,0.239,1.566,0.82,0.11,0.17,0.17
101,s016.rep2.d4,s016,rep2,40-60cm,Plantation,Plantation_non-adjacent,0.0021,0.1006,0.8973,0.03498,8.02,1.54,0.075,0.044,0.383,0.625,3.914,0.083,0.895,0.195,1.354,4.55,0.18,0.52,24.18
102,s016.rep3.d4,s016,rep3,40-60cm,Plantation,Plantation_non-adjacent,0.0011,0.0382,0.9607,0.01004,7.99,1.643,0.106,0.045,0.347,0.625,4.169,0.066,0.896,0.225,1.48,4.98,0.24,0.46,17.47
103,s016.rep1.d5,s016,rep1,60-80cm,Plantation,Plantation_non-adjacent,0.001,0.048,0.9511,0.01212,8.05,1.341,0.088,0.032,0.276,0.495,4.091,0.08,0.869,0.2,1.142,1.22,0.13,0.19,0.19
104,s016.rep2.d5,s016,rep2,60-80cm,Plantation,Plantation_non-adjacent,0.0017,0.0948,0.9035,0.04573,8,1.213,0.091,0.028,0.287,0.495,4.103,0.066,0.913,0.152,1.215,2.46,0.23,0.47,8.84
105,s016.rep3.d5,s016,rep3,60-80cm,Plantation,Plantation_non-adjacent,0.001,0.0414,0.9576,0.02191,7.99,1.281,0.066,0.03,0.308,0.485,4.158,0.07,0.778,0.175,1.215,20.19,0.68,0.75,45.86
106,s016.rep1.d6,s016,rep1,80-100cm,Plantation,Plantation_non-adjacent,9e-04,0.0422,0.9568,0.02187,7.85,1.24,0.085,0.031,0.248,0.525,4.003,0.083,0.998,0.226,1.135,0.97,0.12,0.21,0.21
107,s016.rep2.d6,s016,rep2,80-100cm,Plantation,Plantation_non-adjacent,0.0014,0.0628,0.9357,0.02249,7.89,1.131,0.115,0.031,0.243,0.49,3.725,0.083,1.02,0.16,1.089,2.63,0.18,0.36,6.77
108,s016.rep3.d6,s016,rep3,80-100cm,Plantation,Plantation_non-adjacent,0.001,0.0401,0.9589,0.02132,7.84,1.131,0.175,0.032,0.28,0.5,4.114,0.066,1.014,0.185,1.109,18.07,0.56,0.51,69.16
109,s019.rep1.d1,s019,rep1,0-10cm,Plantation,Plantation_non-adjacent,0.0019,0.0885,0.9096,0.01616,8.03,0.523,0.352,0.182,0.632,4.287,3.307,0.09,1.59,0.197579727,2.151011296,2.6,0.2,0.51,7.72
110,s019.rep2.d1,s019,rep2,0-10cm,Plantation,Plantation_non-adjacent,0.0021,0.1014,0.8965,0.01768,7.94,1.72,0.502,0.202,0.669,4.001,5.075,0.1,1.187464157,0.157035798,3.657197418,2.57,0.17,0.41,26.81
111,s019.rep3.d1,s019,rep3,0-10cm,Plantation,Plantation_non-adjacent,0.0022,0.0824,0.9154,0.02637,8.08,0.427,0.124,0.173,0.401,2.301,2.409,0.1,1.435735102,0.17009789,1.767740721,5.81,0.29,0.39,14.88
112,s019.rep1.d2,s019,rep1,10-20cm,Plantation,Plantation_non-adjacent,0.002,0.0875,0.9105,0.03086,7.9,1.015,0.208,0.086,0.513,1.951,3.973,0.07,1.686211657,0.180685646,3.072205487,2.99,0.27,0.83,8.08
113,s019.rep2.d2,s019,rep2,10-20cm,Plantation,Plantation_non-adjacent,0.002,0.0785,0.9195,0.03086,7.94,0.096,0.065,0.031,0.16,0.8,0.769,0.07,1.199073443,0.159976751,0.779306079,2.16,0.18,0.4,8.3
114,s019.rep3.d2,s019,rep3,10-20cm,Plantation,Plantation_non-adjacent,0,0.0373,0.9627,0.0426,7.44,0.545,0.033,0.028,0.104,0.4,1.615,0.07,0.633,0.150152188,0.745685853,0.7,0.12,0.14,7.83
115,s019.rep1.d3,s019,rep1,20-40cm,Plantation,Plantation_non-adjacent,0,0.0226,0.9774,0.03614,9.16,0.109,0.033,0.185,0.99,1.961,1.014,0.09,1.384,0.292,3.571,2.04,0.15,0.36,3.92
116,s019.rep2.d3,s019,rep2,20-40cm,Plantation,Plantation_non-adjacent,0,0.013,0.987,0.02953,9.07,0.057,0.062,0.186,1.215,1.956,0.942,0.116,1.341,0.248,3.656,2.51,0.18,0.35,6.1
117,s019.rep3.d3,s019,rep3,20-40cm,Plantation,Plantation_non-adjacent,0,0.0211,0.9789,0.04134,9.08,0.12,0.03,0.172,1.201,1.936,0.988,0.103,1.238,0.293,3.755,0.48,0.1,0.12,6.93
118,s019.rep1.d4,s019,rep1,40-60cm,Plantation,Plantation_non-adjacent,0,0.0134,0.9866,0.04374,8.88,0.286,0.053,0.091,0.413,1.2,1.203,0.086,0.931,0.275,1.933,2.14,0.15,0.35,4.74
119,s019.rep2.d4,s019,rep2,40-60cm,Plantation,Plantation_non-adjacent,0,0.0097,0.9903,0.03245,8.82,0.286,0.063,0.091,0.417,1.25,1.177,0.063,0.924,0.282,1.933,2.23,0.16,0.34,5.69
120,s019.rep3.d4,s019,rep3,40-60cm,Plantation,Plantation_non-adjacent,0,0.017,0.983,0.04646,8.73,0.259,0.066,0.091,0.388,1.225,1.164,0.09,1.07,0.341,1.999,0.44,0.11,0.12,4.12
121,s019.rep1.d5,s019,rep1,60-80cm,Plantation,Plantation_non-adjacent,0,0.0168,0.9832,0.04132,8.8,0.082,0.058,0.049,0.33,0.975,0.491,0.076,0.804,0.32,1.485,1.94,0.18,0.42,6.72
122,s019.rep2.d5,s019,rep2,60-80cm,Plantation,Plantation_non-adjacent,0,0.013,0.987,0.03666,8.65,0.082,0.066,0.049,0.42,1,0.491,0.08,0.839,0.263,1.485,1.84,0.15,0.37,3.37
123,s019.rep3.d5,s019,rep3,60-80cm,Plantation,Plantation_non-adjacent,0,0.0257,0.9743,0.0523,8.64,0.095,0.055,0.05,0.318,1,0.543,0.09,0.726,0.216,1.42,0.81,0.16,0.2,7.55
124,s019.rep1.d6,s019,rep1,80-100cm,Plantation,Plantation_non-adjacent,5e-04,0.0135,0.9865,0.03926,8.62,0.068,0.045,0.051,0.334,0.85,0.432,0.07,0.769,0.223,1.505,1.66,0.11,0.3,2.84
125,s019.rep2.d6,s019,rep2,80-100cm,Plantation,Plantation_non-adjacent,0,0.0084,0.9916,0.02348,8.64,0.082,0.045,0.05,0.336,0.85,0.477,0.07,0.645,0.302,1.393,2.29,0.16,0.34,5.3
126,s019.rep3.d6,s019,rep3,80-100cm,Plantation,Plantation_non-adjacent,0,0.0087,0.9913,0.04628,8.62,0.082,0.045,0.049,0.289,0.85,0.471,0.06,0.817,0.242,1.453,0.23,0.12,0.13,2.43
127,s023.rep1.d1,s023,rep1,0-10cm,Plantation,Plantation_non-adjacent,0.0019,0.0767,0.9215,0.01626,8.48,0.107,0.104,0.048,0.046,0.85,0.743,0.09,1.675103543,0.181851757,2.023254438,3.56,0.19,0.34,9.49
128,s023.rep2.d1,s023,rep2,0-10cm,Plantation,Plantation_non-adjacent,0.0017,0.0544,0.9439,0.00402,9.29,0.085,0.163,0.203,0.494,3.23,3.05,0.12,1.599757612,0.175100174,2.567902098,11.42,0.62,0.64,28.45
129,s023.rep3.d1,s023,rep3,0-10cm,Plantation,Plantation_non-adjacent,0.0021,0.0918,0.906,0,8.16,0.235,0.222,0.351,0.548,5.059,3.076,0.17,1.824748955,0.186181317,1.680328133,3.37,0.2,0.5,39.98
130,s023.rep1.d2,s023,rep1,10-20cm,Plantation,Plantation_non-adjacent,0.0019,0.0646,0.9336,0.02444,8.38,0.043,0.046,0.024,0.1,0.4,0.487,0.11,1.869635421,0.18565423,1.438262507,4.51,0.23,0.36,13.49
131,s023.rep2.d2,s023,rep2,10-20cm,Plantation,Plantation_non-adjacent,0.0018,0.0657,0.9325,0.03086,7.78,0.384,0.117,0.069,0.282,1.35,1.64,0.09,1.685608479,0.165274843,2.198079613,5.4,0.34,0.52,20.15
132,s023.rep3.d2,s023,rep3,10-20cm,Plantation,Plantation_non-adjacent,0.0017,0.0708,0.9275,0.02049,7.88,0.587,0.3,0.217,0.664,4.192,4.665,0.13,1.845670669,0.175181609,2.177907477,1.17,0.15,1.24,17.67
133,s023.rep1.d3,s023,rep1,20-40cm,Plantation,Plantation_non-adjacent,0.0013,0.0384,0.9604,0.03226,9.17,0.041,0.033,0.035,0.401,0.41,0.229,0.076,1.211,0.257,1.413,1.47,0.2,0.4,21.03
134,s023.rep2.d3,s023,rep2,20-40cm,Plantation,Plantation_non-adjacent,0,0.0308,0.9692,0.02259,9.13,0.068,0.025,0.037,0.488,0.425,0.235,0.096,1.365,0.198,1.558,12.84,0.75,0.62,24.04
135,s023.rep3.d3,s023,rep3,20-40cm,Plantation,Plantation_non-adjacent,9e-04,0.0449,0.9542,0.04536,9.08,0.055,0.018,0.035,0.342,0.4,0.196,0.086,1.276,0.241,1.393,2.25,0.19,0.39,14.59
136,s023.rep1.d4,s023,rep1,40-60cm,Plantation,Plantation_non-adjacent,0.0018,0.0468,0.9514,0.0617,9.03,0.055,0.033,0.034,0.52,0.555,0.294,0.076,1.063,0.207,1.229,1.88,0.26,0.32,18.21
137,s023.rep2.d4,s023,rep2,40-60cm,Plantation,Plantation_non-adjacent,0.0016,0.05,0.9484,0.05462,9.02,0.055,0.035,0.035,0.384,0.57,0.301,0.08,1.082,0.236,1.222,2.9,0.24,0.37,12.03
138,s023.rep3.d4,s023,rep3,40-60cm,Plantation,Plantation_non-adjacent,0.0024,0.0799,0.9176,0.08677,9.01,0.055,0.047,0.036,0.362,0.55,0.281,0.083,1.118,0.177,1.4,3.42,0.29,0.34,11.03
139,s023.rep1.d5,s023,rep1,60-80cm,Plantation,Plantation_non-adjacent,0.0026,0.077,0.9204,0.07759,8.8,0.084,0.017,0.035,0.414,0.65,0.268,0.063,0.916,0.225,1.163,0.79,0.19,0.43,8.22
140,s023.rep2.d5,s023,rep2,60-80cm,Plantation,Plantation_non-adjacent,0.0017,0.0547,0.9436,0.06596,8.83,0.065,0.033,0.032,0.494,0.625,0.288,0.076,0.94,0.159,0.985,3.07,0.28,0.43,18.35
141,s023.rep3.d5,s023,rep3,60-80cm,Plantation,Plantation_non-adjacent,8e-04,0.0243,0.975,0.04959,8.8,0.076,0.042,0.034,0.389,0.65,0.347,0.076,1.013,0.146,1.143,0.46,0.12,0.24,4.21
142,s023.rep1.d6,s023,rep1,80-100cm,Plantation,Plantation_non-adjacent,0.0024,0.0597,0.9379,0.07974,8.86,0.101,0.048,0.035,0.398,0.825,0.301,0.063,0.474,0.126,0.874,1.21,0.13,0.18,2.92
143,s023.rep2.d6,s023,rep2,80-100cm,Plantation,Plantation_non-adjacent,5e-04,0.0305,0.969,0.03086,8.79,0.098,0.048,0.035,0.507,0.81,0.294,0.07,0.782,0.097,0.972,0.8,0.13,0.25,9.68
144,s023.rep3.d6,s023,rep3,80-100cm,Plantation,Plantation_non-adjacent,0,0.0075,0.9925,0.04175,8.78,0.095,0.052,0.032,0.416,0.795,0.323,0.063,0.781,0.114,0.933,0.07,0.1,0.23,3.57
145,s028.rep1.d1,s028,rep1,0-10cm,Plantation,Plantation_non-adjacent,7e-04,0.0387,0.9607,0,8.87,0.043,0.033,0.068,0.12,0.7,0.41,0.13,1.632563977,0.140464732,0.933959118,3.47,0.17,0.27,11.84
146,s028.rep2.d1,s028,rep2,0-10cm,Plantation,Plantation_non-adjacent,0,0.0366,0.9634,0,8.46,0.032,0.033,0.061,0.12,0.825,0.205,0.12,1.193118958,0.1422647,1.169300699,1.57,0.12,0.24,10.64
147,s028.rep3.d1,s028,rep3,0-10cm,Plantation,Plantation_non-adjacent,8e-04,0.0344,0.9634,0.00199,7.57,0.182,0.065,0.135,0.435,3.051,1.205,0.08,1.116916633,0.139624785,1.801360947,2,0.12,0.34,5
148,s028.rep1.d2,s028,rep1,10-20cm,Plantation,Plantation_non-adjacent,0,0.0204,0.9796,0,7.75,0.085,0.013,0.101,0.097,1,0.256,0.1,1.406369653,0.133479641,2.110667025,1.01,0.1,0.25,3.52
149,s028.rep2.d2,s028,rep2,10-20cm,Plantation,Plantation_non-adjacent,0.0017,0.0546,0.9437,0,8.09,0.075,0.052,0.132,0.295,2.151,1.025,0.11,1.634961758,0.170123527,1.525675094,1.32,0.11,0.24,4.92
150,s028.rep3.d2,s028,rep3,10-20cm,Plantation,Plantation_non-adjacent,0,0.0318,0.9681,0.00965,8.12,0.064,0.026,0.021,0.094,0.25,0.051,0.09,0.976,0.12222,0.880166756,1.56,0.11,0.33,2.62
151,s028.rep1.d3,s028,rep1,20-40cm,Plantation,Plantation_non-adjacent,0.001,0.0412,0.9578,0.002,8.48,0.123,0.032,0.053,0.781,0.975,0.661,0.066,0.986,0.127,1.018,0.9,0.1,0.28,4.13
152,s028.rep2.d3,s028,rep2,20-40cm,Plantation,Plantation_non-adjacent,0.001,0.0341,0.9649,0.01603,8.43,0.112,0.033,0.057,0.737,1.025,0.647,0.066,0.841,0.137,0.841,1.1,0.11,0.24,3.5
153,s028.rep3.d3,s028,rep3,20-40cm,Plantation,Plantation_non-adjacent,0,0.0406,0.9594,0.02381,8.42,0.134,0.043,0.063,0.818,1.05,0.818,0.04,0.869,0.153,1.018,1.88,0.12,0.53,9.58
154,s028.rep1.d4,s028,rep1,40-60cm,Plantation,Plantation_non-adjacent,9e-04,0.0268,0.9723,0.002,8.37,0.068,0.03,0.035,0.75,0.975,0.379,0.053,0.637,0.272,1.051,1.05,0.11,0.18,3.03
155,s028.rep2.d4,s028,rep2,40-60cm,Plantation,Plantation_non-adjacent,2e-04,0.0269,0.9728,0.00806,8.35,0.068,0.043,0.03,0.757,0.95,0.419,0.033,0.617,0.094,1.025,1.1,0.11,0.21,2.81
156,s028.rep3.d4,s028,rep3,40-60cm,Plantation,Plantation_non-adjacent,1e-04,0.0116,0.9883,0.01779,8.33,0.082,0.035,0.032,0.719,1.025,0.412,0.053,1.012,0.102,0.9,1.45,0.11,0.37,5.22
157,s028.rep1.d5,s028,rep1,60-80cm,Plantation,Plantation_non-adjacent,0.0011,0.0339,0.9651,0.01008,8.3,0.068,0.027,0.025,0.709,0.95,0.249,0.053,0.536,0.085,1.377,1.67,0.12,0.26,4
158,s028.rep2.d5,s028,rep2,60-80cm,Plantation,Plantation_non-adjacent,3e-04,0.0234,0.9762,0.00998,8.29,0.071,0.037,0.026,0.608,0.95,0.32,0.04,0.594,0.09,1.384,1.43,0.11,0.24,6.67
159,s028.rep3.d5,s028,rep3,60-80cm,Plantation,Plantation_non-adjacent,1e-04,0.0074,0.9925,0.00808,8.28,0.076,0.022,0.022,0.68,0.9,0.255,0.037,0.623,0.085,1.49,1.66,0.12,0.4,8.2
160,s028.rep1.d6,s028,rep1,80-100cm,Plantation,Plantation_non-adjacent,0,0.0357,0.9643,0.01012,8.39,0.06,0.005,0.022,0.518,0.555,0.196,0.037,0.601,0.075,2.466,1.82,0.14,0.32,4.78
161,s028.rep2.d6,s028,rep2,80-100cm,Plantation,Plantation_non-adjacent,0.0013,0.0391,0.9696,0.02045,8.34,0.052,0.015,0.023,0.485,0.56,0.19,0.027,0.497,0.071,2.538,1.14,0.12,0.23,4.84
162,s028.rep3.d6,s028,rep3,80-100cm,Plantation,Plantation_non-adjacent,0,0.0052,0.9948,0.00596,8.35,0.041,0.02,0.023,0.466,0.58,0.229,0.047,0.515,0.105,2.926,1.43,0.11,0.33,1.98
163,s034.rep1.d1,s034,rep1,0-10cm,Plantation,Plantation_non-adjacent,0,0.031,0.969,0.00194,7.62,0.128,0.065,0.109,0.332,2.001,0.974,0.07,1.376840568,0.123981741,0.839822485,2.13,0.14,0.35,6.52
164,s034.rep2.d1,s034,rep2,0-10cm,Plantation,Plantation_non-adjacent,0.0019,0.0828,0.9153,0.002,9.43,0.085,0.033,0.302,0.45,2.526,1.41,0.09,1.283067398,0.161843289,2.164459387,3.79,0.17,0.42,5.84
165,s034.rep3.d1,s034,rep3,0-10cm,Plantation,Plantation_non-adjacent,0,0.0435,0.9565,0.00198,7.89,0.214,0.098,0.137,0.388,2.601,1.435,0.09,1.309336184,0.147799103,1.115508338,1.85,0.12,0.44,3.61
166,s034.rep1.d2,s034,rep1,10-20cm,Plantation,Plantation_non-adjacent,0,0.0397,0.9603,0.00394,7.56,0.299,0.072,0.096,0.337,2.151,1.435,0.07,1.445400117,0.147359242,1.034819796,1.41,0.11,0.32,2.26
167,s034.rep2.d2,s034,rep2,10-20cm,Plantation,Plantation_non-adjacent,0.0014,0.0543,0.9443,0.00193,7.57,0.684,0.169,0.155,0.472,3.573,3.076,0.07,1.227135308,0.14259,1.639983862,1.76,0.12,0.39,2.69
168,s034.rep3.d2,s034,rep3,10-20cm,Plantation,Plantation_non-adjacent,0.0015,0.0448,0.9537,0.00198,8.34,0.075,0.02,0.028,0.104,0.475,0.205,0.09,1.097560976,0.141555239,1.034819796,1.63,0.12,0.38,2.14
169,s034.rep1.d3,s034,rep1,20-40cm,Plantation,Plantation_non-adjacent,0,0.0333,0.9667,0.00198,9.14,0.079,0.043,0.113,1.312,1.756,0.647,0.07,1.037,0.141,1.258,1.58,0.11,0.36,2.7
170,s034.rep2.d3,s034,rep2,20-40cm,Plantation,Plantation_non-adjacent,6e-04,0.0183,0.981,0.00994,8.72,0.079,0.037,0.113,1.298,1.771,0.582,0.066,1.188,0.129,1.139,2.28,0.12,0.43,4.62
171,s034.rep3.d3,s034,rep3,20-40cm,Plantation,Plantation_non-adjacent,0.0012,0.0393,0.9595,0.00198,8.73,0.055,0.052,0.107,1.249,1.636,0.615,0.066,1.422,0.103,1.152,1.64,0.13,0.42,3.21
172,s034.rep1.d4,s034,rep1,40-60cm,Plantation,Plantation_non-adjacent,0,0.0247,0.9753,0.00786,8.89,0.055,0.038,0.102,1.145,1.39,0.608,0.066,0.941,0.14,0.995,2.72,0.11,0.35,3.26
173,s034.rep2.d4,s034,rep2,40-60cm,Plantation,Plantation_non-adjacent,7e-04,0.026,0.9733,0.01569,8.95,0.06,0.022,0.096,1.135,1.3,0.543,0.066,0.866,0.068,1.238,1.82,0.12,0.42,4.25
174,s034.rep3.d4,s034,rep3,40-60cm,Plantation,Plantation_non-adjacent,0,0.0215,0.9785,0.00391,8.91,0.063,0.032,0.098,1.144,1.35,0.602,0.05,0.963,0.075,1.205,1.64,0.1,0.43,3.3
175,s034.rep1.d5,s034,rep1,60-80cm,Plantation,Plantation_non-adjacent,0.001,0.0261,0.9729,0.01569,8.93,0.044,0.028,0.045,0.559,0.73,0.255,0.06,0.657,0.073,1.278,2.21,0.11,0.42,4.02
176,s034.rep2.d5,s034,rep2,60-80cm,Plantation,Plantation_non-adjacent,9e-04,0.0264,0.9727,0.02041,8.84,0.052,0.027,0.047,0.543,0.77,0.255,0.06,0.652,0.07,1.219,1.97,0.13,0.48,4.69
177,s034.rep3.d5,s034,rep3,60-80cm,Plantation,Plantation_non-adjacent,3e-04,0.0185,0.9812,0.00583,8.76,0.055,0.025,0.047,0.587,0.755,0.262,0.043,0.6,0.073,1.252,1.63,0.12,0.55,3.66
178,s034.rep1.d6,s034,rep1,80-100cm,Plantation,Plantation_non-adjacent,0,0.0251,0.9749,0.01202,8.74,0.052,0.025,0.038,0.562,0.745,0.255,0.043,0.479,0.077,1.351,1.72,0.12,0.42,3.58
179,s034.rep2.d6,s034,rep2,80-100cm,Plantation,Plantation_non-adjacent,6e-04,0.0192,0.9802,0.01829,8.76,0.035,0.03,0.037,0.515,0.715,0.235,0.06,0.571,0.08,1.199,1.87,0.12,0.41,3.11
180,s034.rep3.d6,s034,rep3,80-100cm,Plantation,Plantation_non-adjacent,2e-04,0.0101,0.9897,0.00795,8.71,0.049,0.022,0.038,0.588,0.75,0.235,0.043,0.506,0.092,1.483,1.78,0.13,0.41,3.34
181,s010.ck.rep1.d1,s010.ck,rep1,0-20cm,Desert,Desert,0.0023,0.0623,0.9354,0.002,8.74,0.082,0.017,0.035,0.399,0.4,0.294,0.1,0.569,0.169,1.094,0.36,0.15,0.27,2.52
182,s010.ck.rep2.d1,s010.ck,rep2,0-20cm,Desert,Desert,NA,NA,NA,0.002,8.57,0.06,0.03,0.035,0.356,0.355,0.262,0.1,0.634,0.162,0.953,0.39,0.14,0.27,2.49
183,s010.ck.rep3.d1,s010.ck,rep3,0-20cm,Desert,Desert,NA,NA,NA,0.002,8.7,0.09,0.013,0.039,0.386,0.38,0.268,0.1,0.663,0.154,0.919,0.33,0.15,0.28,2.59
184,s010.ck.rep1.d2,s010.ck,rep1,20-40cm,Desert,Desert,0.0084,0.1129,0.8788,0.00201,8.57,0.15,0.038,0.034,0.594,0.69,0.34,0.066,0.738,0.17,1.013,0.37,0.14,0.26,2.49
185,s010.ck.rep2.d2,s010.ck,rep2,20-40cm,Desert,Desert,NA,NA,NA,0,8.56,0.164,0.018,0.037,0.516,0.69,0.242,0.083,0.738,0.195,0.993,0.34,0.15,0.29,2.61
186,s010.ck.rep3.d2,s010.ck,rep3,20-40cm,Desert,Desert,NA,NA,NA,0.00198,8.56,0.188,0.018,0.036,0.546,0.725,0.36,0.083,0.714,0.196,1.241,0.34,0.16,0.29,2.55
187,s010.ck.rep1.d3,s010.ck,rep1,40-60cm,Desert,Desert,0.0048,0.0905,0.9047,0.00201,8.54,0.139,0.048,0.047,0.565,0.635,0.425,0.1,0.736,0.232,1.04,0.31,0.15,0.27,2.47
188,s010.ck.rep2.d3,s010.ck,rep2,40-60cm,Desert,Desert,NA,NA,NA,0.002,8.55,0.136,0.033,0.048,0.536,0.625,0.327,0.093,0.675,0.175,1.074,0.45,0.15,0.29,2.77
189,s010.ck.rep3.d3,s010.ck,rep3,40-60cm,Desert,Desert,NA,NA,NA,0.002,8.53,0.15,0.025,0.047,0.493,0.6,0.392,0.09,0.764,0.18,1.06,0.39,0.12,0.27,2.72
